<?xml version="1.0" encoding="UTF-8"?>
<!DOCTYPE hibernate-configuration PUBLIC
		"-//Hibernate/Hibernate Configuration DTD 3.0//EN"
		"http://www.hibernate.org/dtd/hibernate-configuration-3.0.dtd">
<hibernate-configuration>
    <session-factory>
        <property name="hibernate.connection.driver_class">com.mysql.cj.jdbc.Driver</property>
        <property name="hibernate.connection.password">Rajadilip@2320</property>
        <property name="hibernate.connection.url">jdbc:mysql://localhost:3306/products_sl</property>
        <property name="hibernate.connection.username">root</property>
        
         <property name="hibernate.dialect">org.hibernate.dialect.MySQLDialect</property>
  
  	<mapping resource="com/ecommerce/EProduct.hbm.xml"/>
    <mapping resource="com/ecommerce/Color.hbm.xml"/>
    <mapping resource="com/ecommerce/ScreenSizes.hbm.xml"/>
    <mapping resource="com/ecommerce/Os.hbm.xml"/>
    <mapping resource="com/ecommerce/Finance.hbm.xml"/>
        
    </session-factory>
</hibernate-configuration>
